{
    "RF": -1.2408227375564138,
    "LGBM": -1.3526929132806795
}