{
    "RF": -0.1825365175449493,
    "LGBM": -0.15943689452435414
}