{
    "RF": -0.15493252146722428,
    "LGBM": -0.1539748502353767
}