{
    "RF": -3.0051636024471526,
    "LGBM": -3.208255822058243
}