{
    "RF": -0.9337816363707062,
    "LGBM": -1.006448140061352
}