{
    "RF": -0.48463324791828355,
    "LGBM": -0.34065185126958997
}