{
    "RF": -2.9077303769157337,
    "LGBM": -3.19080317636331
}