{
    "RF": -0.3651167255407686,
    "LGBM": -0.3368465531636497
}