{
    "Fold1_loss": 0.5184530019760132,
    "Fold1_ann_decoder_0_loss": 0.05921907350420952,
    "Fold1_Reconstruction_loss": 0.4592337906360626,
    "Fold1_ann_decoder_0_mse": 0.00812533125281334,
    "Fold1_ann_decoder_0_mae": 0.059219084680080414,
    "Fold1_Reconstruction_mse": 0.3769194483757019,
    "Fold1_Reconstruction_mae": 0.45923376083374023,
    "Fold2_loss": 0.7167011499404907,
    "Fold2_ann_decoder_0_loss": 0.04658573493361473,
    "Fold2_Reconstruction_loss": 0.6701154112815857,
    "Fold2_ann_decoder_0_mse": 0.006278683431446552,
    "Fold2_ann_decoder_0_mae": 0.04658573493361473,
    "Fold2_Reconstruction_mse": 0.8084073662757874,
    "Fold2_Reconstruction_mae": 0.6701154112815857,
    "Fold3_loss": 0.6853047609329224,
    "Fold3_ann_decoder_0_loss": 0.05799761041998863,
    "Fold3_Reconstruction_loss": 0.627307116985321,
    "Fold3_ann_decoder_0_mse": 0.008032952435314655,
    "Fold3_ann_decoder_0_mae": 0.057997606694698334,
    "Fold3_Reconstruction_mse": 0.7837567329406738,
    "Fold3_Reconstruction_mae": 0.6273071765899658,
    "Fold4_loss": 0.8026691675186157,
    "Fold4_ann_decoder_0_loss": 0.03431102633476257,
    "Fold4_Reconstruction_loss": 0.7683581113815308,
    "Fold4_ann_decoder_0_mse": 0.002844835165888071,
    "Fold4_ann_decoder_0_mae": 0.03431102633476257,
    "Fold4_Reconstruction_mse": 1.7894028425216675,
    "Fold4_Reconstruction_mae": 0.7683581113815308,
    "Fold5_loss": 0.6791486740112305,
    "Fold5_ann_decoder_0_loss": 0.05409969016909599,
    "Fold5_Reconstruction_loss": 0.6250491738319397,
    "Fold5_ann_decoder_0_mse": 0.005701681599020958,
    "Fold5_ann_decoder_0_mae": 0.05409969389438629,
    "Fold5_Reconstruction_mse": 0.6255868077278137,
    "Fold5_Reconstruction_mae": 0.6250490546226501,
    "Fold6_loss": 0.6749252676963806,
    "Fold6_ann_decoder_0_loss": 0.040587011724710464,
    "Fold6_Reconstruction_loss": 0.6343382596969604,
    "Fold6_ann_decoder_0_mse": 0.0038696033880114555,
    "Fold6_ann_decoder_0_mae": 0.040587011724710464,
    "Fold6_Reconstruction_mse": 0.7691472768783569,
    "Fold6_Reconstruction_mae": 0.6343382000923157,
    "Fold7_loss": 0.4218735098838806,
    "Fold7_ann_decoder_0_loss": 0.04368317499756813,
    "Fold7_Reconstruction_loss": 0.3781903386116028,
    "Fold7_ann_decoder_0_mse": 0.0038604142609983683,
    "Fold7_ann_decoder_0_mae": 0.04368317499756813,
    "Fold7_Reconstruction_mse": 0.2602401375770569,
    "Fold7_Reconstruction_mae": 0.3781903386116028,
    "Fold8_loss": 0.6187122464179993,
    "Fold8_ann_decoder_0_loss": 0.03628027066588402,
    "Fold8_Reconstruction_loss": 0.5824319124221802,
    "Fold8_ann_decoder_0_mse": 0.003069509519264102,
    "Fold8_ann_decoder_0_mae": 0.03628027066588402,
    "Fold8_Reconstruction_mse": 0.7750088572502136,
    "Fold8_Reconstruction_mae": 0.5824319124221802,
    "Fold9_loss": 0.7529070377349854,
    "Fold9_ann_decoder_0_loss": 0.06177365779876709,
    "Fold9_Reconstruction_loss": 0.6911333799362183,
    "Fold9_ann_decoder_0_mse": 0.009099839255213737,
    "Fold9_ann_decoder_0_mae": 0.06177365779876709,
    "Fold9_Reconstruction_mse": 1.1602269411087036,
    "Fold9_Reconstruction_mae": 0.6911333203315735
}