{
    "RF": -0.5580560159136433,
    "LGBM": -0.7256330094614717
}