{
  "regression_scores": {
    "aaa": 10000000000000
  },
  "recon_scores": {
    "aaa": 100000000000,
    "ABU/0": 1.6018363237380981,
    "ABV/0": 1.6000782251358032,
    "ABV/1": 1.6003485918045044,
    "ABV/2": 1.59735906124115,
    "ABV/3": 1.5976712703704834,
    "ABV/4": 1.6015368700027466,
    "ABV/5": 1.60079824924469,
    "ABV/6": 1.6013070344924927,
    "ABV/7": 1.5995243787765503,
    "ABV/8": 1.6054444313049316,
    "ABV/9": 1.602966547012329,
    "ABV/10": 1.6008832454681396,
    "ABV/11": 1.5988948345184326,
    "ABV/12": 1.601542592048645,
    "ABV/13": 1.5991342067718506,
    "ABV/14": 1.599494457244873,
    "ABV/15": 1.598335862159729,
    "ABV/16": 1.5997732877731323,
    "ABV/17": 1.6000407934188843,
    "ABV/18": 1.6000827550888062,
    "ABV/19": 1.6001667976379395,
    "ABV/20": 1.600606918334961,
    "ABV/21": 1.5989086627960205,
    "ABV/22": 1.597933053970337,
    "ABV/23": 1.5984920263290405,
    "ABV/24": 1.6004951000213623,
    "ABV/25": 1.6015913486480713,
    "ABV/26": 1.5980299711227417,
    "ABV/27": 1.5975171327590942,
    "ABV/28": 1.5986778736114502,
    "ABV/29": 1.5984245538711548,
    "ABV/30": 1.6008323431015015,
    "ABV/31": 1.5977667570114136,
    "ABV/32": 1.5990179777145386,
    "ABV/33": 1.5993897914886475,
    "ABV/34": 1.5983214378356934,
    "ABV/35": 1.5993316173553467,
    "ABV/36": 1.5985177755355835,
    "ABV/37": 1.5992876291275024,
    "ABV/38": 1.5982054471969604,
    "ABV/39": 1.6012746095657349,
    "ABV/40": 1.6005762815475464,
    "ABV/41": 1.5984587669372559,
    "ABV/42": 1.5993820428848267,
    "ABV/43": 1.599034309387207,
    "ABV/44": 1.5983555316925049,
    "ABV/45": 1.5978010892868042,
    "ABV/46": 1.6019355058670044,
    "ABV/47": 1.5995224714279175,
    "ABV/48": 1.5999832153320312,
    "ABV/49": 1.6015936136245728,
    "ABW/0": 1.599736213684082,
    "ABW/1": 1.6017544269561768,
    "ABY/0": 1.5992209911346436,
    "ABY/1": 1.6024490594863892,
    "ABY/2": 1.5987447500228882,
    "ABY/3": 1.59889554977417,
    "ABY/4": 1.5996462106704712,
    "ABY/5": 1.5990300178527832,
    "ABY/6": 1.600350022315979,
    "ABY/7": 1.6006189584732056,
    "ABY/8": 1.6034443378448486,
    "ABY/9": 1.5984485149383545,
    "ACB/0": 1.5983093976974487,
    "ACC/0": 1.598649263381958,
    "ACC/1": 1.5982030630111694,
    "ACC/2": 1.5982660055160522,
    "ACC/3": 1.6031608581542969,
    "ACC/4": 1.5995469093322754,
    "ACC/5": 1.599517822265625,
    "ACC/6": 1.6015313863754272,
    "ACC/7": 1.602203369140625,
    "ACC/8": 1.6001107692718506,
    "ACC/9": 1.5972729921340942,
    "ACE/0": 1.5997624397277832,
    "ACO/0": 0.002141331322491169,
    "ACP/0": 0.0016606563003733754,
    "ACP/1": 0.0016493682051077485,
    "ACP/2": 0.0016556092305108905,
    "ACP/3": 0.0016525142127647996,
    "ACP/4": 0.0016567693091928959,
    "ACP/5": 0.0016481628408655524,
    "ACP/6": 0.0017054395284503698,
    "ACP/7": 0.0016208146698772907,
    "ACP/8": 0.0016737874830141664,
    "ACP/9": 0.001666458323597908,
    "ACP/10": 0.001620547380298376,
    "ACP/11": 0.0016197278164327145,
    "ACP/12": 0.001621624338440597,
    "ACP/13": 0.0016426078509539366,
    "ACP/14": 0.001638517016544938,
    "ACP/15": 0.0016338623827323318,
    "ACP/16": 0.00169626425486058,
    "ACP/17": 0.0016161592211574316,
    "ACP/18": 0.0016419386956840754,
    "ACP/19": 0.001643908442929387,
    "ACP/20": 0.0016919394256547093,
    "ACP/21": 0.0016156848287209868,
    "ACP/22": 0.0016349977813661098,
    "ACP/23": 0.0016445417422801256,
    "ACP/24": 0.0016796108102425933,
    "ACP/25": 0.0016231065383180976,
    "ACP/26": 0.001640266738831997,
    "ACP/27": 0.0016155330231413245,
    "ACP/28": 0.0016239741817116737,
    "ACQ/0": 0.0016634594649076462,
    "ACQ/1": 0.001616884022951126,
    "ACQ/2": 0.0016352153616026044,
    "ACQ/3": 0.0016512812580913305,
    "ACQ/4": 0.0016604712000116706,
    "ACQ/5": 0.0016433349810540676,
    "ACQ/6": 0.0016687125898897648,
    "ACQ/7": 0.0016846366925165057,
    "ACQ/8": 0.0016770731890574098,
    "ACQ/9": 0.0016642941627651453,
    "ACQ/10": 0.0016669194446876645,
    "ACQ/11": 0.0016687536844983697,
    "ACQ/12": 0.0016668856842443347,
    "ACQ/13": 0.0016659178072586656,
    "ACQ/14": 0.001692759688012302,
    "ACQ/15": 0.0016171629540622234,
    "ACQ/16": 0.0016533421585336328,
    "ACQ/17": 0.0016373139806091785,
    "ACQ/18": 0.0016762379091233015,
    "ACQ/19": 0.0016734276432543993,
    "ACQ/20": 0.0016532912850379944,
    "ACQ/21": 0.0016237644013017416,
    "ACQ/22": 0.0016305012395605445,
    "ACQ/23": 0.0016812046524137259,
    "ACQ/24": 0.0016626918222755194,
    "ACQ/25": 0.001654909341596067,
    "ACQ/26": 0.001692871330305934,
    "ACQ/27": 0.0016937919426709414,
    "ACQ/28": 0.0016546788392588496,
    "ACQ/29": 0.0016449162503704429,
    "ACQ/30": 0.0016796792624518275,
    "ACQ/31": 0.0016484331572428346,
    "ACQ/32": 0.0016463068313896656,
    "ACQ/33": 0.0016727583715692163,
    "ACQ/34": 0.0016571604646742344,
    "ACQ/35": 0.0016390233067795634,
    "ACQ/36": 0.0016555060865357518,
    "ACQ/37": 0.0016806467901915312,
    "ACQ/38": 0.0016584894619882107,
    "ACQ/39": 0.0016598821384832263,
    "ACQ/40": 0.001635833876207471,
    "ACQ/41": 0.0016337163979187608,
    "ACQ/42": 0.0016542923403903842,
    "ACQ/43": 0.0016510478453710675,
    "ACQ/44": 0.0016596849309280515,
    "ACQ/45": 0.00164312613196671,
    "ACQ/46": 0.0016756117111071944,
    "ACQ/47": 0.001657651155255735,
    "ACQ/48": 0.0016830102540552616,
    "ACQ/49": 0.0016406431095674634,
    "ADA/0": 0.05972955375909805,
    "ADA/1": 0.05972912535071373,
    "ADA/2": 0.059731464833021164,
    "ADA/3": 0.05972997844219208,
    "ADA/4": 0.059729065746068954,
    "ADA/5": 0.05972977727651596,
    "ADA/6": 0.059729017317295074,
    "ADA/7": 0.059730444103479385,
    "ADA/8": 0.059729039669036865,
    "ADA/9": 0.059730030596256256,
    "ADA/10": 0.05972903594374657,
    "ADA/11": 0.05930033326148987,
    "ADA/12": 0.05972917005419731,
    "ADA/13": 0.059328049421310425,
    "ADA/14": 0.05972888693213463,
    "ADA/15": 0.059728994965553284,
    "ADA/16": 0.05972898378968239,
    "ADA/17": 0.059728920459747314,
    "ADA/18": 0.0597289502620697,
    "ADA/19": 0.05972931534051895,
    "ADA/20": 0.05929842218756676,
    "ADA/21": 0.05892208218574524,
    "ADA/22": 0.05941351503133774,
    "ADA/23": 0.059729017317295074,
    "ADA/24": 0.0597325935959816
  }
}