{
  "regression_scores": {
    "aaa": 10000000000000
  },
  "recon_scores": {
    "aaa": 100000000000,
    "ABU/0": 1.6018363237380981,
    "ABV/0": 1.6000782251358032,
    "ABV/1": 1.6003485918045044,
    "ABV/2": 1.59735906124115,
    "ABV/3": 1.5976712703704834,
    "ABV/4": 1.6015368700027466,
    "ABV/5": 1.60079824924469,
    "ABV/6": 1.6013070344924927,
    "ABV/7": 1.5995243787765503,
    "ABV/8": 1.6054444313049316,
    "ABV/9": 1.602966547012329,
    "ABV/10": 1.6008832454681396,
    "ABV/11": 1.5988948345184326,
    "ABV/12": 1.601542592048645,
    "ABV/13": 1.5991342067718506,
    "ABV/14": 1.599494457244873,
    "ABV/15": 1.598335862159729,
    "ABV/16": 1.5997732877731323,
    "ABV/17": 1.6000407934188843,
    "ABV/18": 1.6000827550888062,
    "ABV/19": 1.6001667976379395,
    "ABV/20": 1.600606918334961,
    "ABV/21": 1.5989086627960205,
    "ABV/22": 1.597933053970337,
    "ABV/23": 1.5984920263290405,
    "ABV/24": 1.6004951000213623,
    "ABV/25": 1.6015913486480713,
    "ABV/26": 1.5980299711227417,
    "ABV/27": 1.5975171327590942,
    "ABV/28": 1.5986778736114502,
    "ABV/29": 1.5984245538711548,
    "ABV/30": 1.6008323431015015,
    "ABV/31": 1.5977667570114136,
    "ABV/32": 1.5990179777145386,
    "ABV/33": 1.5993897914886475,
    "ABV/34": 1.5983214378356934,
    "ABV/35": 1.5993316173553467,
    "ABV/36": 1.5985177755355835,
    "ABV/37": 1.5992876291275024,
    "ABV/38": 1.5982054471969604,
    "ABV/39": 1.6012746095657349,
    "ABV/40": 1.6005762815475464,
    "ABV/41": 1.5984587669372559,
    "ABV/42": 1.5993820428848267,
    "ABV/43": 1.599034309387207,
    "ABV/44": 1.5983555316925049,
    "ABV/45": 1.5978010892868042,
    "ABV/46": 1.6019355058670044,
    "ABV/47": 1.5995224714279175,
    "ABV/48": 1.5999832153320312,
    "ABV/49": 1.6015936136245728,
    "ABW/0": 1.599736213684082,
    "ABW/1": 1.6017544269561768,
    "ABY/0": 1.5992209911346436,
    "ABY/1": 1.6024490594863892,
    "ABY/2": 1.5987447500228882,
    "ABY/3": 1.59889554977417,
    "ABY/4": 1.5996462106704712,
    "ABY/5": 1.5990300178527832,
    "ABY/6": 1.600350022315979,
    "ABY/7": 1.6006189584732056,
    "ABY/8": 1.6034443378448486,
    "ABY/9": 1.5984485149383545,
    "ACB/0": 1.5983093976974487,
    "ACC/0": 1.598649263381958,
    "ACC/1": 1.5982030630111694,
    "ACC/2": 1.5982660055160522,
    "ACC/3": 1.6031608581542969,
    "ACC/4": 1.5995469093322754,
    "ACC/5": 1.599517822265625,
    "ACC/6": 1.6015313863754272,
    "ACC/7": 1.602203369140625,
    "ACC/8": 1.6001107692718506,
    "ACC/9": 1.5972729921340942,
    "ACE/0": 1.5997624397277832,
    "ACO/0": 0.002141331322491169,
    "ACP/0": 0.0016606563003733754,
    "ACP/1": 0.0016493682051077485,
    "ACP/2": 0.0016556092305108905,
    "ACP/3": 0.0016525142127647996,
    "ACP/4": 0.0016567693091928959,
    "ACP/5": 0.0016481628408655524
  }
}